lad,SHEF_B_CODE,reports,unique_users,average_per_user
E09000003,B1,1,1,1.0
E06000045,B17,1,1,1.0
E09000003,B17,5,5,1.0
E09000003,B24,4,3,1.3333333333333333
E09000003,B25,73,62,1.1774193548387097
E09000003,B26,10,9,1.1111111111111112
E06000045,B27,1,1,1.0
E09000003,B27,3,3,1.0
E09000003,B28,5,5,1.0
E09000003,B5,1,1,1.0
E09000003,B7,1,1,1.0
