lad,SHEF_A_CODE,reports,unique_users,average_per_user
E09000003,A1,1,1,1.0
E08000035,A20,1,1,1.0
E09000003,A20,4,4,1.0
E09000003,A24,1,1,1.0
E09000003,A29,2,2,1.0
E08000035,A41,1,1,1.0
E09000003,A41,11,11,1.0
E09000003,A53,1,1,1.0
E09000003,A54,16,16,1.0
E09000003,A56,4,4,1.0
E09000003,A57,31,29,1.0689655172413792
E08000035,A60,1,1,1.0
E09000003,A60,186,140,1.3285714285714285
E09000003,A73,3,3,1.0
E09000003,A79,3,3,1.0
E09000003,A81,21,21,1.0
E09000003,A82,2,2,1.0
E09000003,A83,1,1,1.0
