period,LAD,report_count,user_count,average
2010-9,E08000035,1,1,1.0
2010-9,E09000003,101,83,1.216867469879518
2010-9,S12000036,3,2,1.5
2010-9,W06000015,5,3,1.6666666666666667
