period,LAD,report_count,user_count,average
2011-11,E06000045,65,59,1.1016949152542372
2011-11,E09000003,114,86,1.3255813953488371
