period,LAD,report_count,user_count,average
2011-3,E08000035,55,21,2.619047619047619
2011-3,E09000003,150,119,1.2605042016806722
2011-3,S12000036,3,3,1.0
2011-3,W06000015,3,3,1.0
