period,LAD,report_count,user_count,average
2011-2,E08000035,23,14,1.6428571428571428
2011-2,E09000003,109,88,1.2386363636363635
2011-2,S12000036,2,2,1.0
2011-2,W06000015,8,6,1.3333333333333333
