period,LAD,report_count,user_count,average
2012-2,E06000045,101,71,1.4225352112676057
2012-2,E09000003,158,99,1.595959595959596
