period,LAD,report_count,user_count,average
2012-5,,3,3,1.0
2012-5,E06000045,118,103,1.145631067961165
2012-5,E09000003,425,244,1.7418032786885247
2012-5,E09000006,28,25,1.12
