lad,reports,unique_users,average_per_user
E08000035,1,1,1.0
E09000003,101,83,1.216867469879518
S12000036,3,2,1.5
W06000015,5,3,1.6666666666666667
