period,LAD,report_count,user_count,average
2010,E08000035,114,104,1.0961538461538463
2010,E09000003,1760,1298,1.3559322033898304
2010,E09000005,1,1,1.0
2010,S12000036,28,24,1.1666666666666667
2010,W06000015,67,42,1.5952380952380953
