lad,reports,unique_users,average_per_user
E08000035,57,54,1.0555555555555556
E09000003,101,92,1.0978260869565217
S12000036,6,6,1.0
W06000015,6,6,1.0
