lad,reports,unique_users,average_per_user
E08000035,26,24,1.0833333333333333
E09000003,180,148,1.2162162162162162
S12000036,2,2,1.0
W06000015,3,1,3.0
