period,LAD,report_count,user_count,average
2010-12,E08000035,26,24,1.0833333333333333
2010-12,E09000003,180,148,1.2162162162162162
2010-12,S12000036,2,2,1.0
2010-12,W06000015,3,1,3.0
