period,LAD,report_count,user_count,average
2010-11,E08000035,57,54,1.0555555555555556
2010-11,E09000003,101,92,1.0978260869565217
2010-11,S12000036,6,6,1.0
2010-11,W06000015,6,6,1.0
