lad,reports,unique_users,average_per_user
E08000035,1,1,1.0
E09000003,93,83,1.1204819277108433
S12000036,4,3,1.3333333333333333
W06000015,5,3,1.6666666666666667
