period,LAD,report_count,user_count,average
2011,E06000045,448,317,1.413249211356467
2011,E07000086,1,1,1.0
2011,E07000194,2,2,1.0
2011,E08000035,189,65,2.9076923076923076
2011,E09000003,1652,929,1.7782561894510227
2011,S12000036,11,10,1.1
2011,W06000015,33,25,1.32
