lad,reports,unique_users,average_per_user
E06000045,88,69,1.2753623188405796
E07000194,1,1,1.0
E09000003,297,93,3.193548387096774
