lad,reports,unique_users,average_per_user
E06000045,45,39,1.1538461538461537
E09000003,91,78,1.1666666666666667
