period,LAD,report_count,user_count,average
2011-4,E08000035,59,7,8.428571428571429
2011-4,E09000003,107,75,1.4266666666666667
2011-4,S12000036,1,1,1.0
2011-4,W06000015,3,3,1.0
