lad,reports,unique_users,average_per_user
E06000045,150,103,1.4563106796116505
E07000086,1,1,1.0
E07000194,1,1,1.0
E09000003,103,78,1.3205128205128205
