period,LAD,report_count,user_count,average
2011-9,E06000045,150,103,1.4563106796116505
2011-9,E07000086,1,1,1.0
2011-9,E07000194,1,1,1.0
2011-9,E09000003,103,78,1.3205128205128205
