period,LAD,report_count,user_count,average
2011-10,,2,1,2.0
2011-10,E06000045,96,70,1.3714285714285714
2011-10,E09000003,131,95,1.3789473684210527
