lad,reports,unique_users,average_per_user
E08000035,29,26,1.1153846153846154
E09000003,171,130,1.3153846153846154
S12000036,4,4,1.0
W06000015,13,9,1.4444444444444444
