lad,reports,unique_users,average_per_user
E06000045,65,59,1.1016949152542372
E09000003,114,86,1.3255813953488371
