period,LAD,report_count,user_count,average
2011-8,E06000045,45,39,1.1538461538461537
2011-8,E09000003,91,78,1.1666666666666667
