period,LAD,report_count,user_count,average
2011-12,E06000045,88,69,1.2753623188405796
2011-12,E07000194,1,1,1.0
2011-12,E09000003,297,93,3.193548387096774
