period,LAD,report_count,user_count,average
2011-10,E06000045,98,71,1.380281690140845
2011-10,E09000003,131,95,1.3789473684210527
