period,LAD,report_count,user_count,average
2011-8,,1,1,1.0
2011-8,E06000045,44,38,1.1578947368421053
2011-8,E09000003,91,78,1.1666666666666667
