period,LAD,report_count,user_count,average
2011-1,E08000035,29,26,1.1153846153846154
2011-1,E09000003,171,130,1.3153846153846154
2011-1,S12000036,4,4,1.0
2011-1,W06000015,13,9,1.4444444444444444
