lad,reports,unique_users,average_per_user
E08000035,23,14,1.6428571428571428
E09000003,109,88,1.2386363636363635
S12000036,2,2,1.0
W06000015,8,6,1.3333333333333333
