lad,reports,unique_users,average_per_user
E08000035,55,21,2.619047619047619
E09000003,150,119,1.2605042016806722
S12000036,3,3,1.0
W06000015,3,3,1.0
