lad,reports,unique_users,average_per_user
E06000045,98,71,1.380281690140845
E09000003,131,95,1.3789473684210527
