lad,reports,unique_users,average_per_user
E08000035,59,7,8.428571428571429
E09000003,107,75,1.4266666666666667
S12000036,1,1,1.0
W06000015,3,3,1.0
