lad,reports,unique_users,average_per_user
E06000045,114,80,1.425
E07000194,27,26,1.0384615384615385
E09000003,337,213,1.5821596244131455
E09000006,571,466,1.2253218884120172
