period,LAD,report_count,user_count,average
2012-10,E06000038,1,1,1.0
2012-10,E06000045,107,87,1.2298850574712643
2012-10,E07000194,23,19,1.2105263157894737
2012-10,E09000003,303,245,1.236734693877551
2012-10,E09000006,469,383,1.2245430809399478
