period,LAD,report_count,user_count,average
2012-8,E06000045,114,80,1.425
2012-8,E07000194,27,26,1.0384615384615385
2012-8,E09000003,337,213,1.5821596244131455
2012-8,E09000006,571,466,1.2253218884120172
