period,LAD,report_count,user_count,average
2012-5,E06000045,121,105,1.1523809523809523
2012-5,E09000003,425,244,1.7418032786885247
2012-5,E09000006,28,25,1.12
