lad,reports,unique_users,average_per_user
E06000045,124,94,1.3191489361702127
E07000194,7,7,1.0
E09000003,611,229,2.668122270742358
E09000006,449,374,1.2005347593582887
