lad,reports,unique_users,average_per_user
E06000045,108,74,1.4594594594594594
E07000194,3,3,1.0
E09000003,328,119,2.7563025210084033
