lad,reports,unique_users,average_per_user
E06000045,121,105,1.1523809523809523
E09000003,425,244,1.7418032786885247
E09000006,28,25,1.12
