period,LAD,report_count,user_count,average
2012-7,E06000045,131,108,1.212962962962963
2012-7,E07000194,22,21,1.0476190476190477
2012-7,E09000003,476,235,2.025531914893617
2012-7,E09000006,594,480,1.2375
