lad,reports,unique_users,average_per_user
E06000045,131,108,1.212962962962963
E07000194,22,21,1.0476190476190477
E09000003,476,235,2.025531914893617
E09000006,594,480,1.2375
