lad,reports,unique_users,average_per_user
E06000045,101,71,1.4225352112676057
E09000003,158,99,1.595959595959596
