period,LAD,report_count,user_count,average
2012-1,E06000045,108,74,1.4594594594594594
2012-1,E07000194,3,3,1.0
2012-1,E09000003,328,119,2.7563025210084033
