period,LAD,report_count,user_count,average
2012-9,E06000045,142,98,1.4489795918367347
2012-9,E07000194,33,29,1.1379310344827587
2012-9,E09000003,290,221,1.3122171945701357
2012-9,E09000006,487,403,1.2084367245657568
