period,LAD,report_count,user_count,average
2013-11,E06000038,10,5,2.0
2013-11,E06000045,169,127,1.330708661417323
2013-11,E07000177,69,60,1.15
2013-11,E07000178,69,50,1.38
2013-11,E07000179,131,104,1.2596153846153846
2013-11,E07000180,81,66,1.2272727272727273
2013-11,E07000181,77,64,1.203125
2013-11,E07000194,8,5,1.6
2013-11,E07000243,227,27,8.407407407407407
2013-11,E09000003,442,352,1.2556818181818181
2013-11,E09000006,820,628,1.305732484076433
