period,LAD,report_count,user_count,average
2013-2,,2,2,1.0
2013-2,E06000038,1,1,1.0
2013-2,E06000045,209,138,1.5144927536231885
2013-2,E07000177,1,1,1.0
2013-2,E07000178,2,2,1.0
2013-2,E07000180,12,2,6.0
2013-2,E07000194,41,38,1.0789473684210527
2013-2,E07000243,170,43,3.953488372093023
2013-2,E09000003,520,361,1.440443213296399
2013-2,E09000006,597,446,1.3385650224215246
