period,LAD,report_count,user_count,average
2013-8,E06000045,159,107,1.485981308411215
2013-8,E07000177,65,45,1.4444444444444444
2013-8,E07000178,39,32,1.21875
2013-8,E07000179,77,59,1.305084745762712
2013-8,E07000180,55,49,1.1224489795918366
2013-8,E07000181,61,51,1.196078431372549
2013-8,E07000194,17,16,1.0625
2013-8,E07000243,225,36,6.25
2013-8,E09000003,529,395,1.339240506329114
2013-8,E09000006,717,550,1.3036363636363637
