lad,reports,unique_users,average_per_user
E06000038,2,2,1.0
E06000045,154,115,1.3391304347826087
E07000177,74,53,1.3962264150943395
E07000178,42,37,1.135135135135135
E07000179,115,86,1.3372093023255813
E07000180,78,63,1.2380952380952381
E07000181,53,45,1.1777777777777778
E07000194,15,10,1.5
E07000243,206,29,7.103448275862069
E09000003,378,302,1.2516556291390728
E09000006,801,634,1.2634069400630914
E09000023,1,1,1.0
