period,LAD,report_count,user_count,average
2013-7,E06000038,2,2,1.0
2013-7,E06000045,152,105,1.4476190476190476
2013-7,E07000177,145,57,2.543859649122807
2013-7,E07000178,36,32,1.125
2013-7,E07000179,119,91,1.3076923076923077
2013-7,E07000180,72,60,1.2
2013-7,E07000181,63,54,1.1666666666666667
2013-7,E07000194,24,21,1.1428571428571428
2013-7,E07000243,261,34,7.676470588235294
2013-7,E09000003,454,339,1.3392330383480826
2013-7,E09000006,744,576,1.2916666666666667
