lad,reports,unique_users,average_per_user
E06000038,1,1,1.0
E06000045,379,252,1.503968253968254
E07000177,173,111,1.5585585585585586
E07000178,116,92,1.2608695652173914
E07000179,316,235,1.3446808510638297
E07000180,172,133,1.2932330827067668
E07000181,187,146,1.2808219178082192
E07000194,17,13,1.3076923076923077
E07000243,257,40,6.425
E09000003,685,529,1.2948960302457466
E09000006,1261,922,1.3676789587852494
E09000023,1,1,1.0
