period,LAD,report_count,user_count,average
2014-8,E07000089,51,50,1.02
2014-8,E07000177,79,59,1.3389830508474576
2014-8,E07000178,44,36,1.2222222222222223
2014-8,E07000179,97,81,1.1975308641975309
2014-8,E07000180,82,63,1.3015873015873016
2014-8,E07000181,67,56,1.1964285714285714
2014-8,E07000243,218,46,4.739130434782608
2014-8,E09000003,469,383,1.2245430809399478
2014-8,E09000006,1235,759,1.627140974967062
