period,LAD,report_count,user_count,average
2014-4,E06000045,223,154,1.448051948051948
2014-4,E07000089,58,53,1.0943396226415094
2014-4,E07000177,115,61,1.8852459016393444
2014-4,E07000178,55,47,1.1702127659574468
2014-4,E07000179,169,126,1.3412698412698412
2014-4,E07000180,119,99,1.202020202020202
2014-4,E07000181,99,71,1.3943661971830985
2014-4,E07000243,242,47,5.148936170212766
2014-4,E09000003,477,369,1.2926829268292683
2014-4,E09000006,1179,694,1.6988472622478386
