lad,reports,unique_users,average_per_user
E07000089,51,50,1.02
E07000177,79,59,1.3389830508474576
E07000178,44,36,1.2222222222222223
E07000179,97,81,1.1975308641975309
E07000180,82,63,1.3015873015873016
E07000181,67,56,1.1964285714285714
E07000243,218,46,4.739130434782608
E09000003,469,383,1.2245430809399478
E09000006,1234,759,1.6258234519104084
E09000023,1,1,1.0
