lad,reports,unique_users,average_per_user
E06000045,5,4,1.25
E07000089,107,95,1.1263157894736842
E07000177,102,76,1.3421052631578947
E07000178,71,51,1.392156862745098
E07000179,146,105,1.3904761904761904
E07000180,106,93,1.1397849462365592
E07000181,60,53,1.1320754716981132
E07000243,298,69,4.318840579710145
E09000003,595,460,1.2934782608695652
E09000006,1360,937,1.4514407684098185
