lad,SHEF_C_CODE,reports,unique_users,average_per_user
E09000003,C2,5,5,1.0
E08000035,C3,1,1,1.0
E09000003,C3,5,4,1.25
E09000003,C5,9,9,1.0
S12000036,C5,2,2,1.0
E09000003,C6,1,1,1.0
E09000003,C7,69,64,1.078125
S12000036,C7,1,1,1.0
W06000015,C7,5,3,1.6666666666666667
E09000003,C8,4,4,1.0
S12000036,C8,1,1,1.0
