lad,SHEF_C_CODE,reports,unique_users,average_per_user
E09000003,C2,9,7,1.2857142857142858
E08000035,C3,1,1,1.0
E09000003,C3,6,6,1.0
W06000015,C3,4,4,1.0
S12000036,C4,2,1,2.0
E09000003,C5,11,10,1.1
S12000036,C5,1,1,1.0
W06000015,C5,1,1,1.0
W06000015,C6,1,1,1.0
E09000003,C7,80,74,1.0810810810810811
S12000036,C7,1,1,1.0
W06000015,C7,3,2,1.5
E09000003,C8,2,2,1.0
W06000015,C8,3,3,1.0
