period,LAD,SHEF_C_CODE,report_count,user_count,average
2010-3,E08000035,C3,2,2,1.0
2010-3,E08000035,C7,8,8,1.0
2010-3,E09000003,C2,8,7,1.1428571428571428
2010-3,E09000003,C3,5,5,1.0
2010-3,E09000003,C4,2,2,1.0
2010-3,E09000003,C5,15,14,1.0714285714285714
2010-3,E09000003,C6,2,2,1.0
2010-3,E09000003,C7,224,185,1.2108108108108109
2010-3,E09000003,C8,2,2,1.0
2010-3,S12000036,C7,2,2,1.0
2010-3,W06000015,C4,1,1,1.0
2010-3,W06000015,C7,4,4,1.0
