period,LAD,SHEF_C,report_count,user_count,average
2010-2,E08000035,Environmental Health,1,1,1.0
2010-2,E08000035,Road Safety & Defects,2,2,1.0
2010-2,E09000003,Abandoned Vehicles & Parking,4,4,1.0
2010-2,E09000003,Environmental Disruptions,3,3,1.0
2010-2,E09000003,Environmental Health,12,11,1.0909090909090908
2010-2,E09000003,Other,16,16,1.0
2010-2,E09000003,Public Space,1,1,1.0
2010-2,E09000003,Road Safety & Defects,250,194,1.288659793814433
2010-2,E09000003,Vehicles,1,1,1.0
