period,LAD,SHEF_C_CODE,report_count,user_count,average
2010-4,E08000035,C3,4,3,1.3333333333333333
2010-4,E08000035,C7,1,1,1.0
2010-4,E09000003,C2,2,2,1.0
2010-4,E09000003,C3,6,5,1.2
2010-4,E09000003,C4,1,1,1.0
2010-4,E09000003,C5,9,9,1.0
2010-4,E09000003,C7,142,123,1.1544715447154472
2010-4,E09000003,C8,4,4,1.0
2010-4,S12000036,C3,2,2,1.0
2010-4,S12000036,C4,1,1,1.0
2010-4,W06000015,C3,5,4,1.25
2010-4,W06000015,C5,2,2,1.0
2010-4,W06000015,C7,10,4,2.5
