lad,SHEF_C_CODE,reports,unique_users,average_per_user
E09000003,C2,6,6,1.0
E08000035,C3,2,2,1.0
E09000003,C3,4,4,1.0
S12000036,C3,1,1,1.0
W06000015,C3,2,2,1.0
E08000035,C4,1,1,1.0
E08000035,C5,2,1,2.0
E09000003,C5,10,10,1.0
W06000015,C5,1,1,1.0
E08000035,C7,1,1,1.0
E09000003,C7,84,73,1.1506849315068493
W06000015,C7,2,2,1.0
E09000003,C8,7,6,1.1666666666666667
W06000015,C8,1,1,1.0
