lad,SHEF_C_CODE,reports,unique_users,average_per_user
E06000045,C2,21,14,1.5
E09000003,C2,8,8,1.0
E06000045,C3,25,23,1.0869565217391304
E09000003,C3,17,13,1.3076923076923077
E06000045,C4,4,4,1.0
E09000003,C4,1,1,1.0
E06000045,C5,7,7,1.0
E06000045,C7,41,35,1.1714285714285715
E09000003,C7,102,78,1.3076923076923077
E09000003,C8,3,3,1.0
