lad,SHEF_C_CODE,reports,unique_users,average_per_user
E06000045,C2,13,13,1.0
E09000003,C2,11,10,1.1
E06000045,C3,46,31,1.4838709677419355
E09000003,C3,11,8,1.375
E06000045,C4,4,3,1.3333333333333333
E09000003,C4,5,2,2.5
E06000045,C5,16,13,1.2307692307692308
E07000194,C5,1,1,1.0
E06000045,C7,57,45,1.2666666666666666
E07000086,C7,1,1,1.0
E09000003,C7,75,63,1.1904761904761905
E06000045,C8,14,14,1.0
E09000003,C8,1,1,1.0
