period,LAD,SHEF_C_CODE,report_count,user_count,average
2011-12,E06000045,C2,7,6,1.1666666666666667
2011-12,E06000045,C3,28,19,1.4736842105263157
2011-12,E06000045,C5,8,8,1.0
2011-12,E06000045,C7,45,41,1.0975609756097562
2011-12,E07000194,C8,1,1,1.0
2011-12,E09000003,C2,12,8,1.5
2011-12,E09000003,C3,31,6,5.166666666666667
2011-12,E09000003,C4,43,2,21.5
2011-12,E09000003,C7,207,84,2.4642857142857144
2011-12,E09000003,C8,4,4,1.0
