lad,SHEF_C_CODE,reports,unique_users,average_per_user
E06000045,C2,5,5,1.0
E09000003,C2,7,7,1.0
E06000045,C3,13,12,1.0833333333333333
E09000003,C3,11,9,1.2222222222222223
E06000045,C4,1,1,1.0
E09000003,C4,4,2,2.0
E06000045,C5,2,2,1.0
E06000045,C7,19,18,1.0555555555555556
E09000003,C7,63,58,1.0862068965517242
E06000045,C8,5,5,1.0
E09000003,C8,6,6,1.0
