lad,SHEF_C_CODE,reports,unique_users,average_per_user
E06000045,C2,7,6,1.1666666666666667
E09000003,C2,12,8,1.5
E06000045,C3,28,19,1.4736842105263157
E09000003,C3,31,6,5.166666666666667
E09000003,C4,43,2,21.5
E06000045,C5,8,8,1.0
E06000045,C7,45,41,1.0975609756097562
E09000003,C7,207,84,2.4642857142857144
E07000194,C8,1,1,1.0
E09000003,C8,4,4,1.0
