period,LAD,SHEF_C_CODE,report_count,user_count,average
2011-8,,C3,1,1,1.0
2011-8,E06000045,C2,5,5,1.0
2011-8,E06000045,C3,12,11,1.0909090909090908
2011-8,E06000045,C4,1,1,1.0
2011-8,E06000045,C5,2,2,1.0
2011-8,E06000045,C7,19,18,1.0555555555555556
2011-8,E06000045,C8,5,5,1.0
2011-8,E09000003,C2,7,7,1.0
2011-8,E09000003,C3,11,9,1.2222222222222223
2011-8,E09000003,C4,4,2,2.0
2011-8,E09000003,C7,63,58,1.0862068965517242
2011-8,E09000003,C8,6,6,1.0
