lad,SHEF_C_CODE,reports,unique_users,average_per_user
E09000003,C2,3,3,1.0
E08000035,C3,7,7,1.0
E09000003,C3,7,6,1.1666666666666667
W06000015,C3,1,1,1.0
E09000003,C5,7,6,1.1666666666666667
S12000036,C5,1,1,1.0
E09000003,C6,1,1,1.0
E08000035,C7,16,8,2.0
E09000003,C7,88,73,1.2054794520547945
S12000036,C7,1,1,1.0
W06000015,C7,7,5,1.4
E09000003,C8,3,3,1.0
