period,LAD,SHEF_C_CODE,report_count,user_count,average
2011-11,E06000045,C2,2,2,1.0
2011-11,E06000045,C3,23,21,1.0952380952380953
2011-11,E06000045,C4,6,5,1.2
2011-11,E06000045,C5,8,8,1.0
2011-11,E06000045,C7,26,26,1.0
2011-11,E09000003,C2,5,3,1.6666666666666667
2011-11,E09000003,C3,13,12,1.0833333333333333
2011-11,E09000003,C4,4,1,4.0
2011-11,E09000003,C7,89,73,1.2191780821917808
2011-11,E09000003,C8,3,3,1.0
