lad,SHEF_C_CODE,reports,unique_users,average_per_user
E09000003,C2,13,5,2.6
E08000035,C3,3,3,1.0
E09000003,C3,10,6,1.6666666666666667
W06000015,C3,1,1,1.0
E09000003,C4,2,2,1.0
E08000035,C5,1,1,1.0
E09000003,C5,7,6,1.1666666666666667
W06000015,C5,2,2,1.0
E09000003,C6,1,1,1.0
E08000035,C7,54,5,10.8
E09000003,C7,69,54,1.2777777777777777
S12000036,C7,1,1,1.0
E08000035,C8,1,1,1.0
E09000003,C8,5,5,1.0
