lad,SHEF_C_CODE,reports,unique_users,average_per_user
E06000045,C2,11,9,1.2222222222222223
E09000003,C2,6,6,1.0
E06000045,C3,36,33,1.0909090909090908
E09000003,C3,24,15,1.6
E06000045,C4,3,3,1.0
E09000003,C4,4,1,4.0
E06000045,C5,6,6,1.0
E07000194,C6,1,1,1.0
E06000045,C7,48,39,1.2307692307692308
E09000003,C7,111,89,1.247191011235955
E09000003,C8,4,4,1.0
