period,LAD,SHEF_C_CODE,report_count,user_count,average
2012-4,E06000045,C2,27,6,4.5
2012-4,E06000045,C3,30,28,1.0714285714285714
2012-4,E06000045,C4,4,4,1.0
2012-4,E06000045,C5,9,9,1.0
2012-4,E06000045,C7,64,49,1.3061224489795917
2012-4,E09000003,C2,17,17,1.0
2012-4,E09000003,C3,60,47,1.2765957446808511
2012-4,E09000003,C4,2,2,1.0
2012-4,E09000003,C7,95,86,1.1046511627906976
2012-4,E09000003,C8,24,22,1.0909090909090908
