period,LAD,SHEF_C_CODE,report_count,user_count,average
2012-3,E06000045,C2,11,9,1.2222222222222223
2012-3,E06000045,C3,36,33,1.0909090909090908
2012-3,E06000045,C4,3,3,1.0
2012-3,E06000045,C5,6,6,1.0
2012-3,E06000045,C7,48,39,1.2307692307692308
2012-3,E07000194,C6,1,1,1.0
2012-3,E09000003,C2,6,6,1.0
2012-3,E09000003,C3,24,15,1.6
2012-3,E09000003,C4,4,1,4.0
2012-3,E09000003,C7,111,89,1.247191011235955
2012-3,E09000003,C8,4,4,1.0
