lad,SHEF_C_CODE,reports,unique_users,average_per_user
E06000045,C2,1,1,1.0
E09000003,C2,13,10,1.3
E06000045,C3,41,29,1.4137931034482758
E09000003,C3,34,15,2.2666666666666666
E09000003,C4,14,2,7.0
E06000045,C5,8,8,1.0
E06000045,C7,51,38,1.3421052631578947
E09000003,C7,92,76,1.2105263157894737
E09000003,C8,5,5,1.0
