period,LAD,SHEF_C_CODE,report_count,user_count,average
2012-1,E06000045,C2,10,7,1.4285714285714286
2012-1,E06000045,C3,34,23,1.4782608695652173
2012-1,E06000045,C4,5,5,1.0
2012-1,E06000045,C5,6,6,1.0
2012-1,E06000045,C7,53,45,1.1777777777777778
2012-1,E07000194,C3,2,2,1.0
2012-1,E07000194,C8,1,1,1.0
2012-1,E09000003,C2,26,16,1.625
2012-1,E09000003,C3,44,10,4.4
2012-1,E09000003,C4,53,1,53.0
2012-1,E09000003,C7,202,97,2.082474226804124
2012-1,E09000003,C8,3,3,1.0
